Target,Right Motor,Left Motor,Time (ms)
50,0,0,0
50,0,0,0.001
50,0,0,0.002
50,0,0,0.003
50,3.17,0,0.004
50,3.17,2.82,0.005
50,3.17,2.82,0.006
50,3.17,2.82,0.007
50,5.84,8.55,0.008
50,5.84,8.55,0.009
50,9.83,11.26,0.01
50,9.83,11.26,0.011
50,12.18,13.22,0.012
50,12.18,15.19,0.013
50,14.04,16.81,0.014
50,15.81,16.81,0.015
50,15.81,18.2,0.016
50,17.19,19.62,0.017
50,18.5,20.9,0.018
50,19.95,21.6,0.019
50,21.07,22.43,0.02
50,22.66,23,0.021
50,23.65,23.85,0.022
50,24.49,24.7,0.023
50,25.4,26.17,0.024
50,26.01,27.1,0.025
50,27.39,27.14,0.026
50,27.9,27.67,0.027
50,28.86,27.91,0.028
50,29.61,29.26,0.029
50,30.09,29.71,0.03
50,30.44,30.21,0.031
50,31.23,30.89,0.032
50,31.55,31.23,0.033
50,32.69,31.79,0.034
50,32.72,32.42,0.035
50,33.05,33.07,0.036
50,33.4,33.82,0.037
50,34.12,33.75,0.038
50,34.84,33.75,0.039
50,34.94,34.63,0.04
50,35.19,34.82,0.041
50,35.45,35.9,0.042
50,35.86,35.49,0.043
50,36.68,35.63,0.044
50,36.74,36.44,0.045
50,36.87,36.66,0.046
50,36.92,37.49,0.047
50,37.52,37.16,0.048
50,38.23,37.05,0.049
50,38.37,37.9,0.05
50,38.34,38.27,0.051
50,38.6,38.92,0.052
50,38.63,38.6,0.053
50,39.26,38.6,0.054
50,39.16,39.09,0.055
50,38.89,39.26,0.056
50,39.26,39.18,0.057
50,39.91,39.14,0.058
50,39.83,39.71,0.059
50,39.96,39.76,0.06
50,39.76,40.61,0.061
50,40.22,40.04,0.062
50,40.8,40.17,0.063
50,40.77,40.64,0.064
50,40.56,40.8,0.065
50,40.93,40.77,0.066
50,41.61,40.66,0.067
50,41.5,41.34,0.068
50,41.53,41.53,0.069
50,41.69,41.47,0.07
50,42.29,41.31,0.071
50,42.12,41.53,0.072
50,42.06,41.97,0.073
50,41.69,42.66,0.074
50,42.03,42,0.075
50,42.49,41.83,0.076
50,42.26,42.29,0.077
50,41.81,42.93,0.078
50,42.12,42.26,0.079
50,42.6,41.95,0.08
50,42.37,42.43,0.081
50,42.03,42.63,0.082
50,42.4,42.6,0.083
50,42.87,42.34,0.084
50,42.87,43.04,0.085
50,42.75,43.16,0.086
50,42.81,43.13,0.087
50,43.37,42.9,0.088
50,43.37,43.46,0.089
50,43.16,43.61,0.09
50,43.16,43.43,0.091
50,43.65,43.19,0.092
50,43.4,43.58,0.093
50,43.07,43.61,0.094
50,43.16,44.29,0.095
50,43.07,43.65,0.096
50,43.61,43.49,0.097
50,43.37,43.92,0.098
50,42.93,44.71,0.099
50,43.25,43.95,0.1
50,43.95,43.92,0.101
50,44.01,44.2,0.102
50,43.31,44.8,0.103
50,43.58,44.08,0.104
50,44.05,43.89,0.105
50,43.74,44.42,0.106
50,43.28,45.19,0.107
50,43.55,44.42,0.108
50,44.14,44.29,0.109
50,43.95,44.64,0.11
50,43.58,45.16,0.111
50,43.89,44.45,0.112
50,44.36,44.2,0.113
50,44.14,44.74,0.114
50,43.65,45.45,0.115
50,43.89,44.67,0.116
50,44.33,44.58,0.117
50,44.14,44.96,0.118
50,43.83,45.59,0.119
50,44.14,44.8,0.12
50,44.61,44.58,0.121
50,44.48,45.09,0.122
50,44.26,45.82,0.123
50,44.26,44.96,0.124
50,44.67,44.8,0.125
50,44.48,45.19,0.126
50,44.29,45.75,0.127
50,44.33,45.03,0.128
50,44.84,44.9,0.129
50,44.71,45.32,0.13
50,44.48,46.02,0.131
50,44.48,45.19,0.132
50,44.9,44.87,0.133
50,44.77,45.36,0.134
50,44.52,45.92,0.135
50,44.61,45.22,0.136
50,45.16,45.13,0.137
50,44.93,45.45,0.138
50,44.58,46.09,0.139
50,44.64,45.29,0.14
50,45.06,45,0.141
50,44.93,45.52,0.142
50,44.67,45.49,0.143
50,44.71,45.16,0.144
50,45.26,45.62,0.145
50,45.06,45.69,0.146
50,44.74,45.49,0.147
50,44.74,45.16,0.148
50,45.16,45.72,0.149
50,44.96,45.82,0.15
50,44.8,45.55,0.151
50,44.8,45.26,0.152
50,45.36,45.75,0.153
50,45.19,45.85,0.154
50,44.8,45.79,0.155
50,44.8,45.42,0.156
50,45.26,45.99,0.157
50,45.13,46.02,0.158
50,44.93,45.96,0.159
50,44.93,45.45,0.16
50,45.32,46.13,0.161
50,45.16,46.19,0.162
50,45,45.92,0.163
50,45,45.62,0.164
50,45.45,46.09,0.165
50,45.26,46.82,0.166
50,45.13,46.02,0.167
50,45.13,45.89,0.168
50,45.55,46.26,0.169
50,45.19,46.85,0.17
50,44.84,46.13,0.171
50,45.16,45.92,0.172
50,45.75,46.33,0.173
50,45.42,46.99,0.174
50,44.93,46.16,0.175
50,45.19,45.85,0.176
50,45.65,46.36,0.177
50,45.36,47.1,0.178
50,45.03,46.19,0.179
50,45.36,46.02,0.18
50,45.79,46.43,0.181
50,45.52,46.26,0.182
50,45.03,45.85,0.183
50,45.32,46.5,0.184
50,45.82,46.61,0.185
50,45.55,46.3,0.186
50,45.13,45.89,0.187
50,45.45,46.5,0.188
50,45.85,46.64,0.189
50,45.55,46.43,0.19
50,45.22,46.09,0.191
50,45.52,46.54,0.192
50,45.99,47.31,0.193
50,45.72,46.5,0.194
50,45.26,46.23,0.195
50,45.52,46.68,0.196
50,46.13,47.24,0.197
50,45.75,46.54,0.198
50,45.72,46.33,0.199
50,46.16,46.75,0.2
50,45.92,47.38,0.201
50,45.65,46.57,0.202
50,45.72,46.3,0.203
50,46.26,46.78,0.204
50,46.02,46.68,0.205
50,45.79,46.3,0.206
50,45.75,46.78,0.207
50,46.19,46.85,0.208
50,46.06,46.75,0.209
50,45.89,46.36,0.21
50,45.82,46.96,0.211
50,46.3,46.96,0.212
50,46.09,46.78,0.213
50,45.75,46.16,0.214
50,45.85,46.99,0.215
50,46.36,47.64,0.216
50,46.13,46.85,0.217
50,45.59,46.61,0.218
50,45.79,47.06,0.219
50,46.33,47.86,0.22
50,46.09,46.92,0.221
50,45.72,46.57,0.222
50,46.06,47.1,0.223
50,46.4,47.78,0.224
50,46.13,46.96,0.225
50,45.75,47.03,0.226
50,45.99,47.1,0.227
50,46.5,46.96,0.228
50,46.23,46.61,0.229
50,45.72,47.21,0.23
50,45.96,47.24,0.231
50,46.57,46.96,0.232
50,46.26,46.68,0.233
50,46.16,47.13,0.234
50,46.57,47.82,0.235
50,46.33,46.99,0.236
50,46.16,46.68,0.237
50,46.16,47.21,0.238
50,46.68,47.93,0.239
50,46.36,47.06,0.24
50,46.13,46.75,0.241
50,46.13,47.17,0.242
50,46.54,47.93,0.243
50,46.33,47.03,0.244
50,46.16,47.1,0.245
50,46.06,47.17,0.246
50,46.5,46.99,0.247
50,46.16,46.57,0.248
50,45.82,47.13,0.249
50,46.13,47.17,0.25
50,46.54,46.92,0.251
50,46.3,46.54,0.252
50,45.89,47.1,0.253
50,46.09,47.78,0.254
50,46.64,46.89,0.255
50,46.4,46.61,0.256
50,45.85,47.13,0.257
50,46.13,47.82,0.258
50,46.71,46.96,0.259
50,46.4,46.61,0.26
50,46.02,47.13,0.261
50,46.75,47.78,0.262
50,46.54,46.96,0.263
50,46.3,47.03,0.264
50,46.33,47.13,0.265
50,46.85,46.92,0.266
50,46.64,46.54,0.267
50,46.36,47.1,0.268
50,46.4,47.13,0.269
50,46.61,47.24,0.27
50,46.68,46.57,0.271
50,46.5,47.06,0.272
50,46.5,47.1,0.273
50,46.92,46.82,0.274
50,46.57,46.47,0.275
50,46.26,46.99,0.276
50,46.57,47.71,0.277
50,47.03,46.82,0.278
50,46.68,46.5,0.279
50,46.3,47.03,0.28
50,46.61,47.71,0.281
50,47.06,46.89,0.282
50,46.78,47.06,0.283
50,46.61,47.13,0.284
50,47.03,46.96,0.285
50,46.85,46.54,0.286
50,46.68,47.1,0.287
50,46.64,47.24,0.288
50,47.06,46.92,0.289
50,46.89,46.71,0.29
50,46.75,47.24,0.291
50,46.75,47.93,0.292
50,47.1,47.06,0.293
50,46.85,46.71,0.294
50,46.43,47.21,0.295
50,46.78,47.97,0.296
50,47.24,46.85,0.297
50,46.92,47.21,0.298
50,46.78,47.35,0.299
50,47.28,47.21,0.3
50,47.1,46.89,0.301
50,46.89,47.35,0.302
50,46.85,47.97,0.303
50,47.28,47.24,0.304
50,47.1,47.1,0.305
50,46.61,47.42,0.306
50,46.89,48,0.307
50,47.31,47.21,0.308
50,47.03,46.99,0.309
50,46.64,47.56,0.31
50,46.96,47.28,0.311
50,47.35,46.96,0.312
50,46.92,47.53,0.313
50,46.96,47.64,0.314
50,47.49,47.42,0.315
50,47.24,47.13,0.316
50,47.1,47.64,0.317
50,47.03,48.34,0.318
50,47.46,47.49,0.319
50,47.21,47.24,0.32
50,46.68,47.75,0.321
50,46.96,47.6,0.322
50,47.53,47.28,0.323
50,47.24,47.78,0.324
50,46.78,47.82,0.325
50,47.1,47.67,0.326
50,47.31,47.31,0.327
50,47.13,47.93,0.328
50,47.13,48.68,0.329
50,47.6,47.78,0.33
50,47.35,47.6,0.331
50,47.06,47.78,0.332
50,47.17,47.82,0.333
50,47.64,47.42,0.334
50,47.31,48.08,0.335
50,46.85,48.15,0.336
50,47.1,47.82,0.337
50,47.6,47.42,0.338
50,47.42,48.04,0.339
50,47.17,48.79,0.34
50,47.6,47.86,0.341
50,47.42,47.53,0.342
50,47.28,48.04,0.343
50,47.21,47.93,0.344
50,47.67,47.6,0.345
50,47.38,48.04,0.346
50,46.96,48.15,0.347
50,47.31,48,0.348
50,47.75,47.71,0.349
50,47.46,48.15,0.35
50,47.06,48.9,0.351
50,47.86,48.04,0.352
50,47.75,47.75,0.353
50,47.35,48.23,0.354
50,47.35,48.11,0.355
50,47.86,47.71,0.356
50,47.67,48.19,0.357
50,47.1,48.3,0.358
50,47.31,48.08,0.359
50,47.82,47.89,0.36
50,47.6,48.3,0.361
50,47.06,48.87,0.362
50,47.31,48.11,0.363
50,47.64,47.93,0.364
50,47.49,48.34,0.365
50,47.46,48.11,0.366
50,47.89,47.75,0.367
50,47.64,48.26,0.368
50,47.56,48.37,0.369
50,47.49,48.11,0.37
50,47.86,47.86,0.371
50,47.56,48.37,0.372
50,47.28,48.9,0.373
50,47.53,48.08,0.374
50,47.86,48.34,0.375
50,47.49,48.41,0.376
50,47.49,48.08,0.377
50,47.97,47.67,0.378
50,47.64,48.26,0.379
50,47.42,48.98,0.38
50,47.46,48.11,0.381
50,47.93,47.78,0.382
50,47.67,48.26,0.383
50,47.17,49.02,0.384
50,47.42,47.78,0.385
50,48,48.26,0.386
50,47.71,48.37,0.387
50,47.56,48.19,0.388
50,48,47.78,0.389
50,47.82,48.34,0.39
50,47.6,49.06,0.391
50,47.56,48.15,0.392
50,48,47.82,0.393
50,47.71,48.34,0.394
50,47.28,48.15,0.395
50,47.6,47.78,0.396
50,48.04,48.23,0.397
50,47.78,48.26,0.398
50,47.38,48.15,0.399
50,48.11,47.82,0.4
50,47.93,48.3,0.401
50,47.75,48.9,0.402
50,47.67,48.11,0.403
50,48.15,47.89,0.404
50,47.93,48.26,0.405
50,47.38,48.19,0.406
50,47.71,47.71,0.407
50,48.19,48.26,0.408
50,47.86,48.3,0.409
50,47.42,48.08,0.41
50,48.23,47.97,0.411
50,48.04,48.34,0.412
50,47.75,48.94,0.413
50,47.71,48.11,0.414
50,48.19,47.93,0.415
50,47.89,48.45,0.416
50,47.35,48.19,0.417
50,47.64,47.78,0.418
50,48.23,48.45,0.419
50,47.97,49.1,0.42
50,47.49,48.26,0.421
50,48.3,48,0.422
50,48.08,48.56,0.423
50,47.93,49.17,0.424
50,47.89,47.89,0.425
50,48.34,48.52,0.426
50,47.97,48.64,0.427
50,47.53,48.34,0.428
50,47.89,47.93,0.429
50,48.3,48.6,0.43
50,48,49.41,0.431
50,47.93,48.41,0.432
50,48.37,48.11,0.433
50,48.19,48.64,0.434
50,47.86,48.41,0.435
50,47.93,48.15,0.436
50,48.41,48.68,0.437
50,48.04,48.79,0.438
50,47.56,48.6,0.439
50,47.82,48.3,0.44
50,48.37,48.83,0.441
50,48.04,49.56,0.442
50,47.93,48.71,0.443
50,48.45,48.79,0.444
50,48.26,48.83,0.445
50,47.93,48.68,0.446
50,47.89,48.37,0.447
50,48.45,48.98,0.448
50,48.37,49.72,0.449
50,47.56,48.87,0.45
50,47.78,48.52,0.451
50,48.37,49.06,0.452
50,48.08,48.87,0.453
50,47.89,48.6,0.454
50,48.34,49.06,0.455
50,48.19,49.14,0.456
50,48.04,48.98,0.457
50,47.97,48.71,0.458
50,48.49,49.21,0.459
50,47.97,49.92,0.46
50,47.64,48.64,0.461
50,47.93,49.14,0.462
50,48.37,49.21,0.463
50,48.08,49.02,0.464
50,48.04,48.68,0.465
50,48.45,49.25,0.466
50,48.23,49.92,0.467
50,48,49.02,0.468
50,48,48.68,0.469
50,48.37,49.25,0.47
50,48.45,49.17,0.471
50,47.67,48.68,0.472
50,48,49.29,0.473
50,48.45,49.96,0.474
50,47.93,49.06,0.475
50,47.97,48.75,0.476
50,48.52,49.25,0.477
50,48.26,50,0.478
50,47.97,48.75,0.479
50,48.04,49.21,0.48
50,48.52,49.33,0.481
50,48.23,49.14,0.482
50,47.78,48.79,0.483
50,48.04,49.29,0.484
50,48.64,50.04,0.485
50,48.11,49.1,0.486
50,48.08,49.25,0.487
50,48.6,49.33,0.488
50,48.34,49.1,0.489
50,48.15,48.71,0.49
50,48.04,49.25,0.491
50,48.6,49.96,0.492
50,48.26,49.06,0.493
50,47.75,48.64,0.494
50,48.04,49.25,0.495
50,48.71,49.02,0.496
50,48.26,48.6,0.497
50,48.19,49.25,0.498
50,48.71,49.33,0.499
50,48.52,49.06,0.5
50,48.3,48.71,0.501
50,48.15,49.25,0.502
50,48.68,50,0.503
50,48.3,49.02,0.504
50,47.89,49.25,0.505
50,48.19,49.29,0.506
50,48.49,48.94,0.507
50,48.34,48.56,0.508
50,48.3,49.21,0.509
50,48.68,50,0.51
50,48.41,49.02,0.511
50,47.97,48.71,0.512
50,48.26,49.29,0.513
50,48.68,49.02,0.514
50,48.34,48.71,0.515
50,48,49.29,0.516
50,48.79,50.04,0.517
50,48.49,49.1,0.518
50,48.3,48.71,0.519
50,48.3,49.06,0.52
50,48.83,49.96,0.521
50,48.41,48.64,0.522
50,48,49.17,0.523
50,48.37,49.33,0.524
50,48.79,49.02,0.525
50,48.49,48.71,0.526
50,48.34,49.17,0.527
50,48.9,49.88,0.528
50,48.52,48.98,0.529
50,48.34,49.14,0.53
50,48.34,49.29,0.531
50,48.87,48.94,0.532
50,48.52,48.56,0.533
50,48.08,49.14,0.534
50,48.49,49.88,0.535
50,48.87,48.98,0.536
50,48.37,48.75,0.537
50,48.37,49.21,0.538
50,48.94,49.02,0.539
50,48.68,48.6,0.54
50,48.37,49.25,0.541
50,48.34,49.37,0.542
50,48.9,49.1,0.543
50,48.6,48.83,0.544
50,48.04,49.29,0.545
50,48.37,50,0.546
50,48.68,49.1,0.547
50,48.49,49.29,0.548
50,48.41,49.37,0.549
50,48.9,49.02,0.55
50,48.71,48.68,0.551
50,48.11,49.29,0.552
50,48.41,50,0.553
50,48.98,49.1,0.554
50,48.68,48.83,0.555
50,48.6,49.37,0.556
50,48.98,49.1,0.557
50,48.79,48.75,0.558
50,48.6,49.37,0.559
50,48.6,49.45,0.56
50,49.1,49.17,0.561
50,48.79,49.06,0.562
50,48.37,49.41,0.563
50,48.56,50,0.564
50,49.06,48.83,0.565
50,48.64,49.37,0.566
50,48.6,49.45,0.567
50,49.02,49.25,0.568
50,48.83,49.06,0.569
50,48.68,49.49,0.57
50,48.6,50.12,0.571
50,49.14,49.29,0.572
50,48.87,49.37,0.573
50,48.34,49.52,0.574
50,49.17,49.29,0.575
50,48.94,48.94,0.576
50,48.75,49.52,0.577
50,48.71,50.16,0.578
50,49.1,49.37,0.579
50,48.83,49.14,0.58
50,48.34,49.6,0.581
50,48.68,49.37,0.582
50,49.21,48.98,0.583
50,48.9,49.56,0.584
50,48.75,50.2,0.585
50,49.21,49.41,0.586
50,48.98,49.14,0.587
50,48.87,49.64,0.588
50,48.79,50.28,0.589
50,49.29,49.1,0.59
50,48.94,49.56,0.591
50,48.45,49.6,0.592
50,48.75,49.49,0.593
50,49.06,49.17,0.594
50,48.94,49.68,0.595
50,48.87,50.36,0.596
50,49.25,49.49,0.597
50,49.02,49.6,0.598
50,48.52,49.76,0.599
50,48.83,49.52,0.6
50,49.37,49.21,0.601
50,49.02,49.76,0.602
50,48.87,50.48,0.603
50,49.25,49.56,0.604
50,49.1,49.25,0.605
50,48.94,49.8,0.606
50,48.83,49.56,0.607
50,49.41,49.25,0.608
50,49.06,49.84,0.609
50,48.49,50.53,0.61
50,48.87,49.6,0.611
50,49.14,49.25,0.612
50,49.02,49.88,0.613
50,48.94,49.56,0.614
50,49.37,49.21,0.615
50,49.02,49.8,0.616
50,48.56,50.53,0.617
50,48.9,49.6,0.618
50,49.41,49.29,0.619
50,49.06,49.76,0.62
50,48.98,49.56,0.621
50,49.45,49.14,0.622
50,49.21,49.72,0.623
50,49.06,49.84,0.624
50,48.98,49.56,0.625
50,49.45,49.41,0.626
50,49.17,49.8,0.627
50,48.83,50.44,0.628
50,49.45,49.25,0.629
50,49.29,49.84,0.63
50,49.14,49.8,0.631
50,49.06,49.6,0.632
50,49.52,49.41,0.633
50,49.21,49.8,0.634
50,48.71,50.4,0.635
50,49.02,49.6,0.636
50,49.6,49.76,0.637
50,49.25,49.8,0.638
50,49.17,49.64,0.639
50,49.56,49.25,0.64
50,49.41,49.84,0.641
50,48.79,50.48,0.642
50,49.1,49.56,0.643
50,49.64,49.33,0.644
50,49.37,49.8,0.645
50,49.21,49.6,0.646
50,49.68,49.33,0.647
50,49.41,49.6,0.648
50,49.29,50.48,0.649
50,49.14,49.56,0.65
50,49.6,49.25,0.651
50,49.33,49.72,0.652
50,48.75,49.52,0.653
50,49.1,49.21,0.654
50,49.45,49.64,0.655
50,49.21,50.44,0.656
50,49.25,49.49,0.657
50,49.72,49.21,0.658
50,49.41,49.72,0.659
50,48.98,49.52,0.66
50,49.17,49.21,0.661
50,49.68,49.68,0.662
50,49.25,49.84,0.663
50,49.21,49.56,0.664
50,49.64,49.21,0.665
50,49.41,49.72,0.666
50,48.79,50.48,0.667
50,49.1,49.14,0.668
50,49.64,49.64,0.669
50,49.37,49.76,0.67
50,49.17,49.49,0.671
50,49.68,49.25,0.672
50,49.49,49.72,0.673
50,49.14,50.36,0.674
50,49.1,49.45,0.675
50,49.64,49.64,0.676
50,49.29,49.72,0.677
50,48.79,49.45,0.678
50,49.68,49.21,0.679
50,49.45,49.64,0.68
50,49.1,50.28,0.681
50,49.14,49.45,0.682
50,49.56,49.56,0.683
50,49.25,49.64,0.684
50,48.75,49.41,0.685
50,49.02,49.02,0.686
50,49.37,49.64,0.687
50,49.06,50.2,0.688
50,49.06,49.52,0.689
50,49.68,49.25,0.69
50,49.17,49.64,0.691
50,48.71,49.49,0.692
50,49.02,49.06,0.693
50,49.56,49.64,0.694
50,49.02,50.28,0.695
50,49.06,49.52,0.696
50,49.56,49.33,0.697
50,49.33,49.72,0.698
50,49.02,49.56,0.699
50,49.02,49.25,0.7
50,49.49,49.68,0.701
50,49.14,49.72,0.702
50,48.71,49.56,0.703
50,49.56,49.29,0.704
50,49.33,49.84,0.705
50,49.02,49.64,0.706
50,49.06,49.25,0.707
50,49.52,49.72,0.708
50,49.17,49.84,0.709
50,48.79,49.64,0.71
50,49.1,49.33,0.711
50,49.41,49.88,0.712
50,49.14,50.61,0.713
50,49.14,49.33,0.714
50,49.68,49.8,0.715
50,49.21,49.92,0.716
50,48.79,49.68,0.717
50,49.14,49.37,0.718
50,49.64,50,0.719
50,49.14,50.57,0.72
50,49.14,49.29,0.721
50,49.68,49.84,0.722
50,49.45,49.92,0.723
50,48.94,49.68,0.724
50,49.25,49.45,0.725
50,49.72,49.92,0.726
50,49.37,50.57,0.727
50,49.29,49.68,0.728
50,49.8,49.92,0.729
50,49.52,49.96,0.73
50,49.37,49.64,0.731
50,49.33,49.49,0.732
50,49.76,49.92,0.733
50,49.45,50.48,0.734
50,49.02,49.64,0.735
50,49.88,49.84,0.736
50,49.56,49.92,0.737
50,49.45,49.56,0.738
50,49.41,49.29,0.739
50,49.84,49.92,0.74
50,49.49,50.36,0.741
50,49.06,49.6,0.742
50,49.37,49.37,0.743
50,49.68,49.8,0.744
50,49.49,49.6,0.745
50,49.49,49.25,0.746
50,49.96,49.88,0.747
50,49.6,50.48,0.748
50,49.17,49.56,0.749
50,49.52,49.33,0.75
50,49.72,49.8,0.751
50,49.52,49.68,0.752
50,49.52,49.25,0.753
50,49.96,49.72,0.754
50,49.64,50.57,0.755
50,49.14,49.68,0.756
50,49.45,49.37,0.757
50,50.04,49.84,0.758
50,49.6,49.72,0.759
50,49.56,49.37,0.76
50,50.08,49.88,0.761
50,49.88,50.65,0.762
50,49.21,49.76,0.763
50,49.49,49.41,0.764
50,50.08,49.92,0.765
50,49.68,49.72,0.766
50,49.52,49.33,0.767
50,50.12,49.92,0.768
50,49.84,50,0.769
50,49.25,49.68,0.77
50,49.49,49.41,0.771
50,50.08,49.84,0.772
50,49.76,49.68,0.773
50,49.6,49.21,0.774
50,50.16,49.88,0.775
50,49.88,49.96,0.776
50,49.56,49.72,0.777
50,49.6,49.56,0.778
50,50.08,49.88,0.779
50,49.72,50.57,0.78
50,49.29,49.37,0.781
50,50.16,49.96,0.782
50,49.88,50.04,0.783
50,49.6,49.8,0.784
50,49.6,49.6,0.785
50,50.04,50,0.786
50,49.76,50.65,0.787
50,49.33,49.41,0.788
50,50.04,50,0.789
50,49.8,50.08,0.79
50,49.68,49.8,0.791
50,49.64,49.45,0.792
50,50,49.96,0.793
50,49.72,50.69,0.794
50,49.29,49.37,0.795
50,49.6,49.88,0.796
50,49.88,50,0.797
50,49.68,49.8,0.798
50,49.64,49.45,0.799
50,50.2,50,0.8
50,49.72,50.73,0.801
50,49.25,49.8,0.802
50,49.64,49.88,0.803
50,49.88,50,0.804
50,49.68,49.76,0.805
50,49.64,49.49,0.806
50,50.16,50.04,0.807
50,49.84,50.73,0.808
50,49.29,49.8,0.809
50,49.52,49.96,0.81
50,50.12,50.04,0.811
50,49.6,49.8,0.812
50,49.52,49.37,0.813
50,50.12,50,0.814
50,49.76,50.65,0.815
50,49.29,49.84,0.816
50,49.52,50,0.817
50,50.12,50.04,0.818
50,49.6,49.84,0.819
50,49.6,49.41,0.82
50,50.16,50.08,0.821
50,49.92,50.69,0.822
50,49.33,49.88,0.823
50,49.6,49.68,0.824
50,50.08,50.16,0.825
50,49.76,49.88,0.826
50,49.64,49.6,0.827
50,50.16,50.24,0.828
50,49.88,50.85,0.829
50,49.33,49.96,0.83
50,49.64,49.72,0.831
50,50.16,50.2,0.832
50,49.8,50.04,0.833
50,49.72,49.68,0.834
50,50.24,50.28,0.835
50,50,50.98,0.836
50,49.76,50,0.837
50,49.76,50.16,0.838
50,50.16,50.24,0.839
50,49.8,49.96,0.84
50,49.76,49.6,0.841
50,50.2,50.24,0.842
50,49.96,50.94,0.843
50,49.8,50.04,0.844
50,49.72,50.2,0.845
50,50.36,50.32,0.846
50,49.96,49.96,0.847
50,49.84,49.56,0.848
50,50.36,50.2,0.849
50,50.08,50.85,0.85
50,49.84,50,0.851
50,49.76,50.12,0.852
50,50.32,50.2,0.853
50,50,49.96,0.854
50,49.8,49.56,0.855
50,50.32,50.12,0.856
50,50.12,50.73,0.857
50,49.76,49.88,0.858
50,49.8,50,0.859
50,50.32,50.08,0.86
50,49.96,49.88,0.861
50,49.76,49.49,0.862
50,50.32,50.08,0.863
50,50.04,50.73,0.864
50,49.72,49.8,0.865
50,49.72,49.96,0.866
50,50.16,50.04,0.867
50,49.88,49.84,0.868
50,49.41,49.52,0.869
50,50.24,50.08,0.87
50,49.96,50.77,0.871
50,49.76,49.88,0.872
50,49.76,50,0.873
50,50.12,50.08,0.874
50,49.88,49.72,0.875
50,49.45,49.41,0.876
50,50.24,50.04,0.877
50,49.96,50.77,0.878
50,49.84,49.8,0.879
50,49.72,50,0.88
50,50.2,50.16,0.881
50,49.88,49.8,0.882
50,49.41,49.41,0.883
50,50.2,50.04,0.884
50,50,50.73,0.885
50,49.8,49.84,0.886
50,49.68,50,0.887
50,50.24,50.08,0.888
50,49.88,49.84,0.889
50,49.37,49.41,0.89
50,50.24,50.24,0.891
50,49.76,50.65,0.892
50,49.72,49.72,0.893
50,50,49.41,0.894
50,50.2,50.28,0.895
50,49.88,49.8,0.896
50,49.33,49.45,0.897
50,50.2,50.08,0.898
50,49.96,50.65,0.899
50,49.64,49.88,0.9
50,49.68,49.52,0.901
50,50.16,50.04,0.902
50,49.84,49.92,0.903
50,49.37,49.52,0.904
50,50.24,50.12,0.905
50,49.96,50.85,0.906
50,49.64,49.92,0.907
50,49.68,49.68,0.908
50,50.2,50.24,0.909
50,49.72,49.96,0.91
50,49.41,49.64,0.911
50,49.68,50.28,0.912
50,49.96,50.98,0.913
50,49.76,50.08,0.914
50,49.76,50.2,0.915
50,50.24,50.32,0.916
50,49.92,50,0.917
50,49.45,49.6,0.918
50,49.76,50.28,0.919
50,50.04,50.98,0.92
50,49.88,50.08,0.921
50,49.76,50.32,0.922
50,50.32,50.36,0.923
50,49.76,50.12,0.924
50,49.41,49.68,0.925
50,49.72,50.32,0.926
50,50.04,50.98,0.927
50,49.88,50.08,0.928
50,49.84,50.28,0.929
50,50.28,50.32,0.93
50,50,50.2,0.931
50,49.45,49.88,0.932
50,49.72,50.4,0.933
50,50.08,51.15,0.934
50,49.76,50.24,0.935
50,49.8,50.32,0.936
50,50.32,50.48,0.937
50,49.96,50.24,0.938
50,49.52,49.92,0.939
50,49.8,50.48,0.94
50,50.12,51.23,0.941
50,49.8,49.92,0.942
50,49.92,50.48,0.943
50,50.32,50.61,0.944
50,50,50.32,0.945
50,49.52,50.12,0.946
50,49.8,50.57,0.947
50,50,51.23,0.948
50,49.76,49.96,0.949
50,49.76,50.57,0.95
50,50.24,50.61,0.951
50,49.92,50.36,0.952
50,49.49,50.16,0.953
50,49.8,50.61,0.954
50,50.08,50.44,0.955
50,49.88,50.04,0.956
50,49.8,50.57,0.957
50,50.24,50.65,0.958
50,49.8,50.53,0.959
50,49.41,50.16,0.96
50,49.68,50.69,0.961
50,50,50.44,0.962
50,49.84,50.12,0.963
50,49.76,50.73,0.964
50,50.28,51.44,0.965
50,49.92,50.53,0.966
50,49.52,50.24,0.967
50,49.72,50.81,0.968
50,50.08,50.48,0.969
50,49.84,50.12,0.97
50,49.8,50.94,0.971
50,50.32,51.36,0.972
50,50.04,50.57,0.973
50,49.52,50.73,0.974
50,49.76,50.77,0.975
50,50.12,50.57,0.976
50,49.84,50.16,0.977
50,49.84,50.77,0.978
50,50.44,51.44,0.979
50,49.96,50.57,0.98
50,49.52,50.69,0.981
50,49.88,50.77,0.982
50,50.08,50.65,0.983
50,49.84,50.2,0.984
50,49.84,50.77,0.985
50,50.4,51.48,0.986
50,50,50.16,0.987
50,49.6,50.69,0.988
50,49.88,50.77,0.989
50,50.12,50.48,0.99
50,49.96,50.24,0.991
50,49.92,50.73,0.992
50,50.44,50.53,0.993
50,50,50.12,0.994
50,49.6,50.81,0.995
50,49.88,50.73,0.996
50,50.2,50.57,0.997
50,50.12,50.24,0.998
50,49.96,50.77,0.999
50,50.44,50.57,1
50,50.08,50.2,1.001
50,49.64,50.65,1.002
50,49.84,51.48,1.003
50,50.28,50.57,1.004
50,50.04,50.24,1.005
50,50,50.85,1.006
50,50.4,50.53,1.007
50,50.08,50.16,1.008
50,49.6,50.73,1.009
50,49.84,51.31,1.01
50,50.2,50.48,1.011
50,49.96,50.2,1.012
50,49.96,50.69,1.013
50,50.48,50.44,1.014
50,50.12,50.04,1.015
50,49.68,50.65,1.016
50,50,51.27,1.017
50,50.2,50.4,1.018
50,50,50.53,1.019
50,49.92,50.61,1.02
50,50.36,50.44,1.021
50,50.08,50.08,1.022
50,49.68,50.57,1.023
50,50,51.36,1.024
50,50.2,50.04,1.025
50,50.12,50.53,1.026
50,50,50.65,1.027
50,50.4,50.4,1.028
50,50.08,50.08,1.029
50,49.56,50.61,1.03
50,49.92,51.36,1.031
50,50.2,50,1.032
50,50.04,50.53,1.033
50,49.88,50.69,1.034
50,50.57,50.4,1.035
50,50.12,50.16,1.036
50,49.64,50.53,1.037
50,50.57,50.4,1.038
50,50.24,49.96,1.039
50,50.04,50.53,1.04
50,50,50.61,1.041
50,50.44,50.36,1.042
50,50.12,50.12,1.043
50,49.56,50.61,1.044
50,50.48,50.53,1.045
50,50.24,50.04,1.046
50,49.92,50.53,1.047
50,49.92,51.31,1.048
50,50.4,50.44,1.049
50,50.12,50.08,1.05
50,49.64,50.65,1.051
50,50.4,50.36,1.052
50,50.2,49.96,1.053
50,50,50.57,1.054
50,49.92,51.31,1.055
50,50.32,50.36,1.056
50,50.04,50.08,1.057
50,49.6,50.69,1.058
50,50.44,50.4,1.059
50,50.12,49.96,1.06
50,50,50.65,1.061
50,50,51.27,1.062
50,50.36,50.4,1.063
50,50.08,50.57,1.064
50,49.56,50.61,1.065
50,50.4,50.36,1.066
50,50.2,50,1.067
50,50,50.61,1.068
50,49.84,51.31,1.069
50,50.44,50.4,1.07
50,50.04,50.53,1.071
50,49.56,50.48,1.072
50,50.44,50.4,1.073
50,50.24,50.04,1.074
50,49.92,50.61,1.075
50,49.96,51.27,1.076
50,50.53,49.96,1.077
50,50.12,50.48,1.078
50,49.68,50.65,1.079
50,50.53,50.32,1.08
50,50.28,50.08,1.081
50,50.08,50.57,1.082
50,50.04,51.23,1.083
50,50.44,49.96,1.084
50,50.12,50.53,1.085
50,49.68,50.61,1.086
50,50.48,50.36,1.087
50,50.2,50.12,1.088
50,50.04,50.57,1.089
50,50,50.36,1.09
50,50.48,49.96,1.091
50,50.08,50.53,1.092
50,49.64,51.4,1.093
50,50.44,50.4,1.094
50,50.2,50.08,1.095
50,50.08,50.61,1.096
50,49.96,50.32,1.097
50,50.57,49.92,1.098
50,50.28,50.48,1.099
50,50.04,51.23,1.1
50,50.53,50.24,1.101
50,50.32,49.92,1.102
50,50.08,50.53,1.103
50,50,50.24,1.104
50,50.57,49.84,1.105
0,50.28,50.4,1.106
0,49.56,50.77,1.107
0,48.15,47.97,1.108
0,45.82,45.82,1.109
0,43.34,44.64,1.11
0,41.83,43.65,1.111
0,39.71,41.09,1.112
0,37.27,40.06,1.113
0,36.19,38.84,1.114
0,33.84,37.22,1.115
0,32.5,36.87,1.116
0,30.59,34.47,1.117
0,29.86,33.39,1.118
0,28.79,32.13,1.119
0,27.69,31.44,1.12
0,25.58,30.64,1.121
0,24.39,28.9,1.122
0,23.73,28.14,1.123
0,22.93,27.16,1.124
0,22.24,26.52,1.125
0,21.44,25.9,1.126
0,21.44,25.16,1.127
0,20.52,24.11,1.128
0,19.7,22.89,1.129
0,18.76,22.18,1.13
0,17.81,22.18,1.131
0,17.25,21.37,1.132
0,17.25,20.72,1.133
0,16.5,20.18,1.134
0,15.93,19.45,1.135
0,15.93,18.86,1.136
0,15.21,18.45,1.137
0,14.48,18.45,1.138
0,14.48,17.46,1.139
0,13.83,16.84,1.14
0,13.83,16.08,1.141
0,13.16,16.08,1.142
0,13.16,15.54,1.143
0,12.43,15.09,1.144
0,11.97,15.09,1.145
0,11.97,14.46,1.146
0,11.38,14.46,1.147
0,11.38,13.94,1.148
0,11,13.52,1.149
0,11,13.52,1.15
0,11,12.7,1.151
0,10.46,12.7,1.152
0,10.46,12.21,1.153
0,9.83,12.21,1.154
0,9.83,11.57,1.155
0,9.36,11.57,1.156
0,9.36,11.04,1.157
0,9.36,11.04,1.158
0,8.83,10.6,1.159
0,8.83,10.6,1.16
0,8.83,10.6,1.161
0,8.18,9.99,1.162
0,8.18,9.99,1.163
0,8.18,9.53,1.164
0,7.82,9.53,1.165
0,7.82,9.53,1.166
0,7.82,9.06,1.167
0,7.22,9.06,1.168
0,7.22,9.06,1.169
0,7.22,8.29,1.17
0,7.22,8.29,1.171
0,6.78,8.29,1.172
0,6.78,7.81,1.173
0,6.78,7.81,1.174
0,6.78,7.81,1.175
0,6.29,7.1,1.176
0,6.29,7.1,1.177
0,6.29,7.1,1.178
0,6.29,7.1,1.179
0,5.68,6.53,1.18
0,5.68,6.53,1.181
0,5.68,6.53,1.182
0,5.68,6.53,1.183
0,5.68,5.98,1.184
0,5.32,5.98,1.185
0,5.32,5.98,1.186
0,5.32,5.98,1.187
0,5.32,5.98,1.188
0,5.32,5.32,1.189
0,4.89,5.32,1.19
0,4.89,5.32,1.191
0,4.89,5.32,1.192
0,4.89,5.01,1.193
0,4.89,5.01,1.194
0,4.43,5.01,1.195
0,4.43,5.01,1.196
0,4.43,5.01,1.197
0,4.43,5.01,1.198
0,4.43,4.49,1.199
0,4.43,4.49,1.2
0,4.38,4.49,1.201
0,4.38,4.49,1.202
0,4.38,4.49,1.203
0,4.38,4.49,1.204
0,4.38,3.82,1.205
0,4.38,3.82,1.206
0,3.97,3.82,1.207
0,3.97,3.82,1.208
0,3.97,3.82,1.209
0,3.97,3.82,1.21
0,3.97,3.82,1.211
0,3.97,3.73,1.212
0,3.82,3.73,1.213
0,3.82,3.73,1.214
0,3.82,3.73,1.215
0,3.82,3.73,1.216
0,3.82,3.73,1.217
0,3.82,3.73,1.218
0,3.85,3.31,1.219
0,3.85,3.31,1.22
0,3.85,3.31,1.221
0,3.85,3.31,1.222
0,3.85,3.31,1.223
0,3.85,3.31,1.224
0,3.85,3.31,1.225
0,3.56,3.31,1.226
0,3.56,3.03,1.227
0,3.56,3.03,1.228
0,3.56,3.03,1.229
0,3.56,3.03,1.23
0,3.56,3.03,1.231
0,3.56,3.03,1.232
0,3.66,3.03,1.233
0,3.66,3.03,1.234
0,3.66,3.03,1.235
0,3.66,2.72,1.236
0,3.66,2.72,1.237
0,3.66,2.72,1.238
0,3.66,2.72,1.239
0,3.53,2.72,1.24
0,3.53,2.72,1.241
0,3.53,2.72,1.242
0,3.53,2.72,1.243
0,3.53,2.72,1.244
0,3.53,2.72,1.245
0,3.53,2.72,1.246
0,3.26,2.19,1.247
0,3.26,2.19,1.248
0,3.26,2.19,1.249
0,3.26,2.19,1.25
0,3.26,2.19,1.251
0,3.26,2.19,1.252
0,3.26,2.19,1.253
0,3.37,2.19,1.254
0,3.37,2.19,1.255
0,3.37,2.19,1.256
0,3.37,2.48,1.257
0,3.37,2.48,1.258
0,3.37,2.48,1.259
0,3.37,2.48,1.26
0,3.37,2.48,1.261
0,3.01,2.48,1.262
0,3.01,2.48,1.263
0,3.01,2.48,1.264
0,3.01,2.48,1.265
0,3.01,2.48,1.266
0,3.01,2.35,1.267
0,3.01,2.35,1.268
0,3.01,2.35,1.269
0,3.01,2.35,1.27
0,2.92,2.35,1.271
0,2.92,2.35,1.272
0,2.92,2.35,1.273
0,2.92,2.35,1.274
0,2.92,2.35,1.275
0,2.92,2.35,1.276
0,2.92,2.35,1.277
0,2.92,2.35,1.278
0,3.01,2.1,1.279
0,3.01,2.1,1.28
0,3.01,2.1,1.281
0,3.01,2.1,1.282
0,3.01,2.1,1.283
0,3.01,2.1,1.284
0,3.01,2.1,1.285
0,3.01,2.1,1.286
0,3.01,2.1,1.287
0,2.71,2.1,1.288
0,2.71,2.4,1.289
0,2.71,2.4,1.29
0,2.71,2.4,1.291
0,2.71,2.4,1.292
0,2.71,2.4,1.293
0,2.71,2.4,1.294
0,2.71,2.4,1.295
0,2.86,2.4,1.296
0,2.86,2.4,1.297
0,2.86,2.4,1.298
0,2.86,2.4,1.299
0,2.86,2.4,1.3
0,2.86,2.02,1.301
0,2.86,2.02,1.302
0,2.86,2.02,1.303
0,2.86,2.02,1.304
0,2.9,2.02,1.305
0,2.9,2.02,1.306
0,2.9,2.02,1.307
0,2.9,2.02,1.308
0,2.9,2.02,1.309
0,2.9,2.02,1.31
0,2.9,2.02,1.311
0,2.9,2.02,1.312
0,2.8,2.02,1.313
0,2.8,1.8,1.314
0,2.8,1.8,1.315
0,2.8,1.8,1.316
0,2.8,1.8,1.317
0,2.8,1.8,1.318
0,2.8,1.8,1.319
0,2.8,1.8,1.32
0,3.12,1.8,1.321
0,3.12,1.8,1.322
0,3.12,1.8,1.323
0,3.12,1.8,1.324
0,3.12,1.8,1.325
0,3.12,1.8,1.326
0,3.12,1.8,1.327
0,3.12,1.82,1.328
0,3.12,1.82,1.329
0,2.79,1.82,1.33
0,2.79,1.82,1.331
0,2.79,1.82,1.332
0,2.79,1.82,1.333
0,2.79,1.82,1.334
0,2.79,1.82,1.335
0,2.79,1.82,1.336
0,2.79,1.82,1.337
0,2.79,1.82,1.338
0,2.7,1.82,1.339
0,2.7,1.82,1.34
0,2.7,1.82,1.341
0,2.7,1.82,1.342
0,2.7,1.62,1.343
0,2.7,1.62,1.344
0,2.7,1.62,1.345
0,2.7,1.62,1.346
0,2.88,1.62,1.347
0,2.88,1.62,1.348
0,2.88,1.62,1.349
0,2.88,1.62,1.35
0,2.88,1.62,1.351
0,2.88,1.62,1.352
0,2.88,1.62,1.353
0,2.88,2.14,1.354
0,2.88,2.14,1.355
0,2.6,2.14,1.356
0,2.6,2.14,1.357
0,2.6,2.14,1.358
0,2.6,2.14,1.359
0,2.6,2.14,1.36
0,2.6,2.14,1.361
0,2.6,2.14,1.362
0,2.6,2.14,1.363
0,2.6,2.14,1.364
0,2.85,2.14,1.365
0,2.85,2.14,1.366
0,2.85,1.86,1.367
0,2.85,1.86,1.368
0,2.85,1.86,1.369
0,2.85,1.86,1.37
0,2.85,1.86,1.371
0,2.85,1.86,1.372
0,2.85,1.86,1.373
0,2.76,1.86,1.374
0,2.76,1.86,1.375
0,2.76,1.86,1.376
0,2.76,1.86,1.377
0,2.76,1.86,1.378
0,2.76,1.86,1.379
0,2.76,1.86,1.38
0,2.76,1.86,1.381
0,2.76,1.86,1.382
0,2.54,1.86,1.383
0,2.54,1.43,1.384
0,2.54,1.43,1.385
0,2.54,1.43,1.386
0,2.54,1.43,1.387
0,2.54,1.43,1.388
0,2.54,1.43,1.389
0,2.54,1.43,1.39
0,2.54,1.43,1.391
0,2.79,1.43,1.392
0,2.79,1.43,1.393
0,2.79,1.43,1.394
0,2.79,1.43,1.395
0,2.79,2.01,1.396
0,2.79,2.01,1.397
0,2.79,2.01,1.398
0,2.79,2.01,1.399
0,2.79,2.01,1.4
0,2.79,2.01,1.401
0,2.47,2.01,1.402
0,2.47,2.01,1.403
0,2.47,2.01,1.404
0,2.47,2.01,1.405
0,2.47,2.01,1.406
0,2.47,2.01,1.407
0,2.47,2.01,1.408
0,2.47,2.01,1.409
0,2.47,2.01,1.41
0,2.47,2.01,1.411
0,2.46,2.01,1.412
0,2.46,1.38,1.413
0,2.46,1.38,1.414
0,2.46,1.38,1.415
0,2.46,1.38,1.416
0,2.46,1.38,1.417
0,2.46,1.38,1.418
0,2.46,1.38,1.419
0,2.46,1.38,1.42
0,2.55,1.38,1.421
0,2.55,1.38,1.422
0,2.55,1.38,1.423
0,2.55,1.38,1.424
0,2.55,1.38,1.425
0,2.55,1.38,1.426
0,2.55,1.38,1.427
0,2.55,1.38,1.428
0,2.55,1.38,1.429
0,2.55,1.38,1.43
0,2.55,1.38,1.431
0,2.15,1.38,1.432
0,2.15,1.38,1.433
0,2.15,1.38,1.434
0,2.15,1.38,1.435
0,2.15,1.38,1.436
0,2.15,1.38,1.437
0,2.15,1.38,1.438
0,2.15,1.38,1.439
0,2.15,1.38,1.44
0,2.15,1.38,1.441
0,2.15,1.38,1.442
0,2.34,1.38,1.443
0,2.34,1.38,1.444
0,2.34,1.38,1.445
0,2.34,1.38,1.446
0,2.34,1.38,1.447
0,2.34,1.38,1.448
0,2.34,1.38,1.449
0,2.34,1.38,1.45
0,2.34,1.38,1.451
0,2.34,1.38,1.452
0,2.34,1.38,1.453
0,2.17,1.38,1.454
0,2.17,1.38,1.455
0,2.17,1.38,1.456
0,2.17,1.38,1.457
0,2.17,1.38,1.458
0,2.17,1.38,1.459
0,2.17,1.38,1.46
0,2.17,1.38,1.461
0,2.17,1.38,1.462
0,2.17,1.38,1.463
0,2.17,1.38,1.464
0,2.17,1.38,1.465
0,2.17,1.38,1.466
0,2.17,1.38,1.467
0,1.75,1.38,1.468
0,1.75,1.38,1.469
0,1.75,1.38,1.47
0,1.75,1.38,1.471
0,1.75,1.38,1.472
0,1.75,1.38,1.473
0,1.75,1.38,1.474
0,1.75,1.38,1.475
0,1.75,1.38,1.476
0,1.75,1.38,1.477
0,1.75,1.38,1.478
0,2.18,1.38,1.479
0,2.18,1.38,1.48
0,2.18,1.38,1.481
0,2.18,1.38,1.482
0,2.18,1.38,1.483
0,2.18,1.38,1.484
0,2.18,1.38,1.485
0,2.18,1.38,1.486
0,2.18,1.38,1.487
0,2.18,1.38,1.488
0,2.18,1.38,1.489
0,2.18,1.38,1.49
0,2.18,1.38,1.491
0,1.83,1.38,1.492
0,1.83,1.38,1.493
0,1.83,1.38,1.494
0,1.83,1.38,1.495
0,1.83,1.38,1.496
0,1.83,1.38,1.497
0,1.83,1.38,1.498
0,1.83,1.38,1.499
0,1.83,1.38,1.5
0,1.83,1.38,1.501
0,1.83,1.38,1.502
0,1.83,1.38,1.503
0,1.83,1.38,1.504
0,1.84,1.38,1.505
0,1.84,1.38,1.506
0,1.84,1.38,1.507
0,1.84,1.38,1.508
0,1.84,1.38,1.509
0,1.84,1.38,1.51
0,1.84,1.38,1.511
0,1.84,1.38,1.512
0,1.84,1.38,1.513
0,1.84,1.38,1.514
0,2.29,1.38,1.515
0,2.29,1.38,1.516
0,2.29,1.38,1.517
0,2.29,1.38,1.518
0,2.29,1.38,1.519
0,2.29,1.38,1.52
0,2.29,1.38,1.521
0,2.29,1.38,1.522
0,2.29,1.38,1.523
0,2.29,1.38,1.524
0,2.29,1.38,1.525
0,2.29,1.38,1.526
0,2.29,1.38,1.527
0,2.29,1.38,1.528
0,1.77,1.38,1.529
0,1.77,1.38,1.53
0,1.77,1.38,1.531
0,1.77,1.38,1.532
0,1.77,1.38,1.533
0,1.77,1.38,1.534
0,1.77,1.38,1.535
0,1.77,1.38,1.536
0,1.77,1.38,1.537
0,1.77,1.38,1.538
0,1.77,1.38,1.539
0,1.77,1.38,1.54
0,2.01,1.38,1.541
0,2.01,1.38,1.542
0,2.01,0.19,1.543
0,2.01,0.19,1.544
0,2.01,0.19,1.545
0,2.01,0.19,1.546
0,2.01,0.19,1.547
0,2.01,0.19,1.548
0,2.01,0.19,1.549
0,2.01,0.19,1.55
0,2.01,0.19,1.551
0,2.01,0.19,1.552
0,2.01,0.19,1.553
0,1.86,0.19,1.554
0,1.86,0.19,1.555
0,1.86,0.19,1.556
0,1.86,0.19,1.557
0,1.86,0.19,1.558
0,1.86,0.19,1.559
0,1.86,0.19,1.56
0,1.86,0.19,1.561
0,1.86,0.19,1.562
0,1.86,0.19,1.563
0,1.86,0.19,1.564
0,1.86,0.19,1.565
0,1.86,0.19,1.566
0,1.86,0.19,1.567
0,1.86,0.19,1.568
0,1.86,0.19,1.569
0,1.48,0.19,1.57
0,1.48,0.19,1.571
0,1.48,0.19,1.572
0,1.48,0.19,1.573
0,1.48,0.19,1.574
0,1.48,0.19,1.575
0,1.48,0.19,1.576
0,1.48,0.19,1.577
0,1.48,0.19,1.578
0,1.48,0.19,1.579
0,1.48,0.19,1.58
0,1.48,0.19,1.581
0,2.07,0.19,1.582
0,2.07,0.19,1.583
0,2.07,0.19,1.584
0,2.07,0.19,1.585
0,2.07,0.19,1.586
0,2.07,0.19,1.587
0,2.07,0.19,1.588
0,2.07,0.19,1.589
0,2.07,0.19,1.59
0,2.07,0.19,1.591
0,2.07,0.19,1.592
0,2.07,0.19,1.593
0,2.07,0.19,1.594
0,2.07,0.19,1.595
0,2.07,0.19,1.596
0,2.07,0.19,1.597
0,2.07,0.19,1.598
0,1.42,0.19,1.599
0,1.42,0.19,1.6
0,1.42,0.19,1.601
0,1.42,0.19,1.602
0,1.42,0.19,1.603
0,1.42,0.19,1.604
0,1.42,0.19,1.605
0,1.42,0.19,1.606
0,1.42,0.19,1.607
0,1.42,0.19,1.608
0,1.42,0.19,1.609
0,1.42,0.19,1.61
0,1.42,0.19,1.611
0,1.42,0.19,1.612
0,1.42,0.19,1.613
0,1.42,0.19,1.614
0,1.42,0.19,1.615
0,1.42,0.19,1.616
0,1.42,0.19,1.617
0,1.42,0.19,1.618
0,1.42,0.19,1.619
0,1.42,0.19,1.62
0,1.11,0.19,1.621
0,1.11,0.19,1.622
0,1.11,0.19,1.623
0,1.11,0.19,1.624
0,1.11,0.19,1.625
0,1.11,0.19,1.626
0,1.11,0.19,1.627
0,1.11,0.19,1.628
0,1.11,0.19,1.629
0,1.11,0.19,1.63
0,1.11,0.19,1.631
0,1.11,0.19,1.632
0,1.11,0.19,1.633
0,1.11,0.19,1.634
0,1.11,0.19,1.635
0,1.65,0.19,1.636
0,1.65,0.19,1.637
0,1.65,0.19,1.638
0,1.65,0.19,1.639
0,1.65,0.19,1.64
0,1.65,0.19,1.641
0,1.65,0.19,1.642
0,1.65,0.19,1.643
0,1.65,0.19,1.644
0,1.65,0.19,1.645
0,1.65,0.19,1.646
0,1.65,0.19,1.647
0,1.65,0.19,1.648
0,1.65,0.19,1.649
0,1.65,0.19,1.65
0,1.65,0.19,1.651
0,1.65,0.19,1.652
0,1.65,0.19,1.653
0,1.65,0.19,1.654
0,1.65,0.19,1.655
0,1.65,0.19,1.656
0,1.65,0.19,1.657
0,1.65,0.19,1.658
0,1.02,0.19,1.659
0,1.02,0.19,1.66
0,1.02,0.19,1.661
0,1.02,0.19,1.662
0,1.02,0.19,1.663
0,1.02,0.19,1.664
0,1.02,0.19,1.665
0,1.02,0.19,1.666
0,1.02,0.19,1.667
0,1.02,0.19,1.668
0,1.02,0.19,1.669
0,1.02,0.19,1.67
0,1.02,0.19,1.671
0,1.02,0.19,1.672
0,1.02,0.19,1.673
0,1.02,0.19,1.674
0,1.55,0.19,1.675
0,1.55,0.19,1.676
0,1.55,0.19,1.677
0,1.55,0.19,1.678
0,1.55,0.19,1.679
0,1.55,0.19,1.68
0,1.55,0.19,1.681
0,1.55,0.19,1.682
0,1.55,0.19,1.683
0,1.55,0.19,1.684
0,1.55,0.19,1.685
0,1.55,0.19,1.686
0,1.55,0.19,1.687
0,1.55,0.19,1.688
0,1.55,0.19,1.689
0,1.55,0.19,1.69
0,1.48,0.19,1.691
0,1.48,0.19,1.692
0,1.48,0.19,1.693
0,1.48,0.19,1.694
0,1.48,0.19,1.695
0,1.48,0.19,1.696
0,1.48,0.19,1.697
0,1.48,0.19,1.698
0,1.48,0.19,1.699
0,1.48,0.19,1.7
0,1.48,0.19,1.701
0,1.48,0.19,1.702
0,1.48,0.19,1.703
0,1.48,0.19,1.704
0,1.48,0.19,1.705
0,1.48,0.19,1.706
0,1.48,0.19,1.707
0,1.48,0.19,1.708
0,1.48,0.19,1.709
0,1.48,0.19,1.71
0,1.48,0.19,1.711
0,1.48,0.19,1.712
0,1.48,0.19,1.713
0,1.07,0.19,1.714
0,1.07,0.19,1.715
0,1.07,0.19,1.716
0,1.07,0.19,1.717
0,1.07,0.19,1.718
0,1.07,0.19,1.719
0,1.07,0.19,1.72
0,1.07,0.19,1.721
0,1.07,0.19,1.722
0,1.07,0.19,1.723
0,1.07,0.19,1.724
0,1.07,0.19,1.725
0,1.07,0.19,1.726
0,1.07,0.19,1.727
0,1.07,0.19,1.728
0,1.07,0.19,1.729
0,1.54,0.19,1.73
0,1.54,0.19,1.731
0,1.54,0.19,1.732
0,1.54,0.19,1.733
0,1.54,0.19,1.734
0,1.54,0.19,1.735
0,1.54,0.19,1.736
0,1.54,0.19,1.737
0,1.54,0.19,1.738
0,1.54,0.19,1.739
0,1.54,0.19,1.74
0,1.54,0.19,1.741
0,1.54,0.19,1.742
0,1.54,0.19,1.743
0,1.54,0.19,1.744
0,1.54,0.19,1.745
0,1.54,0.19,1.746
0,1.54,0.19,1.747
0,1.54,0.19,1.748
0,1.54,0.19,1.749
0,1.54,0.19,1.75
0,1.54,0.19,1.751
0,1.54,0.19,1.752
0,1.54,0.19,1.753
0,1.54,0.19,1.754
0,1.54,0.19,1.755
0,1.54,0.19,1.756
0,1.54,0.19,1.757
0,1.54,0.19,1.758
0,1.54,0.19,1.759
0,1.54,0.19,1.76
0,1.54,0.19,1.761
0,1.54,0.19,1.762
0,1.54,0.19,1.763
0,1.54,0.19,1.764
0,1.54,0.19,1.765
0,1.54,0.19,1.766
0,1.54,0.19,1.767
0,1.54,0.19,1.768
0,1.54,0.19,1.769
0,1.54,0.19,1.77
0,1.54,0.19,1.771
0,1.54,0.19,1.772
0,1.54,0.19,1.773
0,1.54,0.19,1.774
0,1.54,0.19,1.775
0,1.54,0.19,1.776
0,1.54,0.19,1.777
0,1.54,0.19,1.778
0,1.54,0.19,1.779
0,1.54,0.19,1.78
0,1.54,0.19,1.781
0,1.54,0.19,1.782
0,1.54,0.19,1.783
0,1.54,0.19,1.784
0,1.54,0.19,1.785
0,1.54,0.19,1.786
0,1.54,0.19,1.787
0,1.54,0.19,1.788
0,1.54,0.19,1.789
0,1.54,0.19,1.79
0,1.54,0.19,1.791
0,1.54,0.19,1.792
0,1.54,0.19,1.793
0,1.54,0.19,1.794
0,1.54,0.19,1.795
0,1.54,0.19,1.796
0,1.54,0.19,1.797
0,1.54,0.19,1.798
0,1.54,0.19,1.799
0,1.54,0.19,1.8
0,1.54,0.19,1.801
0,1.54,0.19,1.802
0,1.54,0.19,1.803
0,1.54,0.19,1.804
0,1.54,0.19,1.805
0,1.54,0.19,1.806
0,1.54,0.19,1.807
0,1.54,0.19,1.808
0,1.54,0.19,1.809
0,1.54,0.09,1.81
0,1.54,0.09,1.811
0,1.54,0.09,1.812
0,1.54,0.09,1.813
0,1.54,0.09,1.814
0,1.54,0.09,1.815
0,1.54,0.09,1.816
0,1.54,0.09,1.817
0,1.54,0.09,1.818
0,1.54,0.09,1.819
0,1.54,0.09,1.82
0,1.54,0.09,1.821
0,1.54,0.09,1.822
0,1.54,0.09,1.823
0,1.54,0.09,1.824
0,1.54,0.09,1.825
0,1.54,0.09,1.826
0,1.54,0.09,1.827
0,1.54,0.09,1.828
0,1.54,0.09,1.829
0,1.54,0.09,1.83
0,1.54,0.09,1.831
0,1.54,0.09,1.832
0,1.54,0.09,1.833
0,1.54,0.09,1.834
0,1.54,0.09,1.835
0,1.54,0.09,1.836
0,1.54,0.09,1.837
0,1.54,0.09,1.838
0,1.54,0.09,1.839
0,1.54,0.09,1.84
0,1.54,0.09,1.841
0,1.54,0.09,1.842
0,1.54,0.09,1.843
0,1.54,0.09,1.844
0,1.54,0.09,1.845
0,1.54,0.09,1.846
0,1.54,0.09,1.847
0,1.54,0.09,1.848
0,1.54,0.09,1.849
0,1.54,0.09,1.85
0,1.54,0.09,1.851
0,1.54,0.09,1.852
0,1.54,0.09,1.853
0,1.54,0.09,1.854
0,1.54,0.09,1.855
0,1.54,0.09,1.856
0,1.54,0.09,1.857
0,1.54,0.09,1.858
0,1.54,0.09,1.859
0,1.54,0.09,1.86
0,1.54,0.09,1.861
0,1.54,0.09,1.862
0,1.54,0.09,1.863
0,1.54,0.09,1.864
0,1.54,0.09,1.865
0,1.54,0.09,1.866
0,1.54,0.09,1.867
0,1.54,0.09,1.868
0,1.54,0.09,1.869
0,1.54,0.09,1.87
0,1.54,0.09,1.871
0,1.54,0.09,1.872
0,1.54,0.09,1.873
0,1.54,0.09,1.874
0,1.54,0.09,1.875
0,1.54,0.09,1.876
0,1.54,0.09,1.877
0,1.54,0.09,1.878
0,1.54,0.09,1.879
0,1.54,0.09,1.88
0,1.54,0.09,1.881
0,1.54,0.09,1.882
0,1.54,0.09,1.883
0,1.54,0.09,1.884
0,1.54,0.09,1.885
0,1.54,0.09,1.886
0,1.54,0.09,1.887
0,1.54,0.09,1.888
0,1.54,0.09,1.889
0,1.54,0.09,1.89
0,1.54,0.09,1.891
0,1.54,0.09,1.892
0,1.54,0.09,1.893
0,1.54,0.09,1.894
0,1.54,0.09,1.895
0,1.54,0.09,1.896
0,1.54,0.09,1.897
0,1.54,0.09,1.898
0,1.54,0.09,1.899
0,1.54,0.09,1.9
0,1.54,0.09,1.901
0,1.54,0.09,1.902
0,1.54,0.09,1.903
0,1.54,0.09,1.904
0,1.54,0.09,1.905
0,1.54,0.09,1.906
0,1.54,0.09,1.907
0,1.54,0.09,1.908
0,1.54,0.09,1.909
0,1.54,0.09,1.91
0,1.54,0.09,1.911
0,1.54,0.09,1.912
0,1.54,0.09,1.913
0,1.54,0.09,1.914
0,1.54,0.09,1.915
0,1.54,0.09,1.916
0,1.54,0.09,1.917
0,1.54,0.09,1.918
0,1.54,0.09,1.919
0,1.54,0.09,1.92
0,1.54,0.09,1.921
0,1.54,0.09,1.922
0,1.54,0.09,1.923
0,1.54,0.09,1.924
0,1.54,0.09,1.925
0,1.54,0.09,1.926
0,1.54,0.09,1.927
0,1.54,0.09,1.928
0,1.54,0.09,1.929
0,1.54,0.09,1.93
0,1.54,0.09,1.931
0,1.54,0.09,1.932
0,1.54,0.09,1.933
0,1.54,0.09,1.934
0,1.54,0.09,1.935
0,1.54,0.09,1.936
0,1.54,0.09,1.937
0,1.54,0.09,1.938
0,1.54,0.09,1.939
0,1.54,0.09,1.94
0,1.54,0.09,1.941
0,1.54,0.09,1.942
0,1.54,0.09,1.943
0,1.54,0.09,1.944
0,1.54,0.09,1.945
0,1.54,0.09,1.946
0,1.54,0.09,1.947
0,1.54,0.09,1.948
0,1.54,0.09,1.949
0,1.54,0.09,1.95
0,1.54,0.09,1.951
0,1.54,0.09,1.952
0,1.54,0.09,1.953
0,1.54,0.09,1.954
0,1.54,0.09,1.955
0,1.54,0.09,1.956
0,1.54,0.09,1.957
0,1.54,0.09,1.958
0,1.54,0.09,1.959
0,1.54,0.09,1.96
0,1.54,0.09,1.961
0,1.54,0.09,1.962
0,1.54,0.09,1.963
0,1.54,0.09,1.964
0,1.54,0.09,1.965
0,1.54,0.09,1.966
0,1.54,0.09,1.967
0,1.54,0.09,1.968
0,1.54,0.09,1.969
0,1.54,0.09,1.97
0,1.54,0.09,1.971
0,1.54,0.09,1.972
0,1.54,0.09,1.973
0,1.54,0.09,1.974
0,1.54,0.09,1.975
0,1.54,0.09,1.976
0,1.54,0.09,1.977
0,1.54,0.09,1.978
0,1.54,0.09,1.979
0,1.54,0.09,1.98
0,1.54,0.09,1.981
0,1.54,0.09,1.982
0,1.54,0.09,1.983
0,1.54,0.09,1.984
0,1.54,0.09,1.985
0,1.54,0.09,1.986
0,1.54,0.09,1.987
0,1.54,0.09,1.988
0,1.54,0.09,1.989
0,1.54,0.09,1.99
0,1.54,0.09,1.991
0,1.54,0.09,1.992
0,1.54,0.09,1.993
0,1.54,0.09,1.994
0,1.54,0.09,1.995
0,1.54,0.09,1.996
0,1.54,0.09,1.997
0,1.54,0.09,1.998
0,1.54,0.09,1.999
0,1.54,0.09,2
0,1.54,0.09,2.001
0,1.54,0.09,2.002
0,1.54,0.09,2.003
0,1.54,0.09,2.004
0,1.54,0.09,2.005
0,1.54,0.09,2.006
0,1.54,0.09,2.007
0,1.54,0.09,2.008
0,1.54,0.09,2.009
0,1.54,0.09,2.01
0,1.54,0.09,2.011
0,1.54,0.09,2.012
0,1.54,0.09,2.013
0,1.54,0.09,2.014
0,1.54,0.09,2.015
0,1.54,0.09,2.016
0,1.54,0.09,2.017
0,1.54,0.09,2.018
0,1.54,0.09,2.019
0,1.54,0.09,2.02
0,1.54,0.09,2.021
0,1.54,0.09,2.022
0,1.54,0.09,2.023
0,1.54,0.09,2.024
0,1.54,0.09,2.025
0,1.54,0.09,2.026
0,1.54,0.09,2.027
0,1.54,0.09,2.028
0,1.54,0.09,2.029
0,1.54,0.09,2.03
0,1.54,0.09,2.031
0,1.54,0.09,2.032
0,1.54,0.09,2.033
0,1.54,0.09,2.034
0,1.54,0.09,2.035
0,1.54,0.09,2.036
0,1.54,0.09,2.037
0,1.54,0.09,2.038
0,1.54,0.09,2.039
0,0.08,0.09,2.04
0,0.08,0.09,2.041
0,0.08,0.09,2.042
0,0.08,0.09,2.043
0,0.08,0.09,2.044
0,0.08,0.09,2.045
0,0.08,0.09,2.046
0,0.08,0.09,2.047
0,0.08,0.09,2.048
0,0.08,0.09,2.049
0,0.08,0.09,2.05
0,0.08,0.09,2.051
0,0.08,0.09,2.052
0,0.08,0.09,2.053
0,0.08,0.09,2.054
0,0.08,0.09,2.055
0,0.08,0.09,2.056
0,0.08,0.09,2.057
0,0.08,0.09,2.058
0,0.08,0.09,2.059
0,0.08,0.09,2.06
0,0.08,0.09,2.061
0,0.08,0.09,2.062
0,0.08,0.09,2.063
0,0.08,0.09,2.064
0,0.08,0.09,2.065
0,0.08,0.09,2.066
0,0.08,0.09,2.067
0,0.08,0.09,2.068
0,0.08,0.09,2.069
0,0.08,0.09,2.07
0,0.08,0.09,2.071
0,0.08,0.09,2.072
0,0.08,0.09,2.073
0,0.08,0.09,2.074
0,0.08,0.09,2.075
0,0.08,0.09,2.076
0,0.08,0.09,2.077
0,0.08,0.09,2.078
0,0.08,0.09,2.079
0,0.08,0.09,2.08
0,0.08,0.09,2.081
0,0.08,0.09,2.082
0,0.08,0.09,2.083
0,0.08,0.09,2.084
0,0.08,0.09,2.085
0,0.08,0.09,2.086
0,0.08,0.09,2.087
0,0.08,0.09,2.088
0,0.08,0.09,2.089
0,0.08,0.09,2.09
0,0.08,0.09,2.091
0,0.08,0.09,2.092
0,0.08,0.09,2.093
0,0.08,0.09,2.094
0,0.08,0.09,2.095
0,0.08,0.09,2.096
0,0.08,0.09,2.097
0,0.08,0.09,2.098
0,0.08,0.09,2.099
0,0.08,0.09,2.1
0,0.08,0.09,2.101
0,0.08,0.09,2.102
0,0.08,0.09,2.103
0,0.08,0.09,2.104
0,0.08,0.09,2.105
0,0.08,0.09,2.106
0,0.08,0.09,2.107
0,0.08,0.09,2.108
0,0.08,0.09,2.109
0,0.08,0.09,2.11
0,0.08,0.09,2.111
0,0.08,0.09,2.112
0,0.08,0.09,2.113
0,0.08,0.09,2.114
0,0.08,0.09,2.115
0,0.08,0.09,2.116
0,0.08,0.09,2.117
0,0.08,0.09,2.118
0,0.08,0.09,2.119
0,0.08,0.09,2.12
0,0.08,0.09,2.121
0,0.08,0.09,2.122
0,0.08,0.09,2.123
0,0.08,0.09,2.124
0,0.08,0.09,2.125
0,0.08,0.09,2.126
0,0.08,0.09,2.127
0,0.08,0.09,2.128
0,0.08,0.09,2.129
0,0.08,0.09,2.13
0,0.08,0.09,2.131
0,0.08,0.09,2.132
0,0.08,0.09,2.133
0,0.08,0.09,2.134
0,0.08,0.09,2.135
0,0.08,0.09,2.136
0,0.08,0.09,2.137
0,0.08,0.09,2.138
0,0.08,0.09,2.139
0,0.08,0.09,2.14
0,0.08,0.09,2.141
0,0.08,0.09,2.142
0,0.08,0.09,2.143
0,0.08,0.09,2.144
0,0.08,0.09,2.145
0,0.08,0.09,2.146
0,0.08,0.09,2.147
0,0.08,0.09,2.148
0,0.08,0.09,2.149
0,0.08,0.09,2.15
0,0.08,0.09,2.151
0,0.08,0.09,2.152
0,0.08,0.09,2.153
0,0.08,0.09,2.154
0,0.08,0.09,2.155
0,0.08,0.09,2.156
0,0.08,0.09,2.157
0,0.08,0.09,2.158
0,0.08,0.09,2.159
0,0.08,0.09,2.16
0,0.08,0.09,2.161
0,0.08,0.09,2.162
0,0.08,0.09,2.163
0,0.08,0.09,2.164
0,0.08,0.09,2.165
0,0.08,0.09,2.166
0,0.08,0.09,2.167
0,0.08,0.09,2.168
0,0.08,0.09,2.169
0,0.08,0.09,2.17
0,0.08,0.09,2.171
0,0.08,0.09,2.172
0,0.08,0.09,2.173
0,0.08,0.09,2.174
0,0.08,0.09,2.175
0,0.08,0.09,2.176
0,0.08,0.09,2.177
0,0.08,0.09,2.178
0,0.08,0.09,2.179
0,0.08,0.09,2.18
0,0.08,0.09,2.181
0,0.08,0.09,2.182
0,0.08,0.09,2.183
0,0.08,0.09,2.184
0,0.08,0.09,2.185
0,0.08,0.09,2.186
0,0.08,0.09,2.187
0,0.08,0.09,2.188
0,0.08,0.09,2.189
0,0.08,0.09,2.19
0,0.08,0.09,2.191
0,0.08,0.09,2.192
0,0.08,0.09,2.193
0,0.08,0.09,2.194
0,0.08,0.09,2.195
0,0.08,0.09,2.196
0,0.08,0.09,2.197
0,0.08,0.09,2.198
0,0.08,0.09,2.199
0,0.08,0.09,2.2
0,0.08,0.09,2.201
0,0.08,0.09,2.202
0,0.08,0.09,2.203
0,0.08,0.09,2.204
0,0.08,0.09,2.205
0,0.08,0.09,2.206
0,0.08,0.09,2.207
0,0.08,0.09,2.208
0,0.08,0.09,2.209
0,0.08,0.09,2.21
0,0.08,0.09,2.211
0,0.08,0.09,2.212
0,0.08,0.09,2.213
0,0.08,0.09,2.214
0,0.08,0.09,2.215
0,0.08,0.09,2.216
0,0.08,0.09,2.217
0,0.08,0.09,2.218
0,0.08,0.09,2.219
0,0.08,0.09,2.22
0,0.08,0.09,2.221
0,0.08,0.09,2.222
0,0.08,0.09,2.223
0,0.08,0.09,2.224
0,0.08,0.09,2.225
0,0.08,0.09,2.226
0,0.08,0.09,2.227
0,0.08,0.09,2.228
0,0.08,0.09,2.229
0,0.08,0.09,2.23
0,0.08,0.09,2.231
0,0.08,0.09,2.232
0,0.08,0.09,2.233
0,0.08,0.09,2.234
0,0.08,0.09,2.235
0,0.08,0.09,2.236
0,0.08,0.09,2.237
0,0.08,0.09,2.238
0,0.08,0.09,2.239
0,0.08,0.09,2.24
0,0.08,0.09,2.241
0,0.08,0.09,2.242
0,0.08,0.09,2.243
0,0.08,0.09,2.244
0,0.08,0.09,2.245
0,0.08,0.09,2.246
0,0.08,0.09,2.247
0,0.08,0.09,2.248
0,0.08,0.09,2.249
0,0.08,0.09,2.25
0,0.08,0.09,2.251
0,0.08,0.09,2.252
0,0.08,0.09,2.253
0,0.08,0.09,2.254
0,0.08,0.09,2.255
0,0.08,0.09,2.256
0,0.08,0.09,2.257
0,0.08,0.09,2.258
0,0.08,0.09,2.259
0,0.08,0.09,2.26
0,0.08,0.09,2.261
0,0.08,0.09,2.262
0,0.08,0.09,2.263
0,0.08,0.09,2.264
0,0.08,0.09,2.265
0,0.08,0.09,2.266
0,0.08,0.09,2.267
0,0.08,0.09,2.268
0,0.08,0.09,2.269
0,0.08,0.09,2.27
0,0.08,0.09,2.271
0,0.08,0.09,2.272
0,0.08,0.09,2.273
0,0.08,0.09,2.274
0,0.08,0.09,2.275
0,0.08,0.09,2.276
0,0.08,0.09,2.277
0,0.08,0.09,2.278
0,0.08,0.09,2.279
0,0.08,0.09,2.28
0,0.08,0.05,2.281
0,0.08,0.05,2.282
0,0.08,0.05,2.283
0,0.08,0.05,2.284
0,0.08,0.05,2.285
0,0.08,0.05,2.286
0,0.08,0.05,2.287
0,0.08,0.05,2.288
0,0.08,0.05,2.289
0,0.08,0.05,2.29
0,0.08,0.05,2.291
0,0.08,0.05,2.292
0,0.08,0.05,2.293
0,0.08,0.05,2.294
0,0.08,0.05,2.295
0,0.08,0.05,2.296
0,0.08,0.05,2.297
0,0.08,0.05,2.298
0,0.08,1.37,2.299
0,0.08,1.37,2.3
0,0.08,1.37,2.301
0,0.08,1.37,2.302
0,0.08,1.37,2.303
0,0.08,1.37,2.304
0,0.08,1.37,2.305
0,0.08,1.37,2.306
0,0.08,1.37,2.307
0,0.08,1.37,2.308
0,0.08,1.37,2.309
0,0.08,1.37,2.31
0,0.08,1.37,2.311
0,0.08,1.37,2.312
0,0.08,1.37,2.313
0,0.08,1.37,2.314
0,0.08,1.37,2.315
0,0.08,1.37,2.316
0,0.08,1.37,2.317
0,0.08,1.37,2.318
50,0.08,1.37,2.319
50,0.08,1.37,2.32
50,0.08,1.37,2.321
50,0.08,1.37,2.322
50,0.08,0.98,2.323
50,0.08,0.98,2.324
50,0.08,0.98,2.325
50,0.08,0.98,2.326
50,0.08,6.28,2.327
50,0.08,6.28,2.328
50,8.61,9.79,2.329
50,8.61,9.79,2.33
50,11.22,12,2.331
50,13.45,12,2.332
50,13.45,14.11,2.333
50,15.07,15.78,2.334
50,16.56,15.78,2.335
50,18.06,17.2,2.336
50,19.21,18.65,2.337
50,20.75,19.99,2.338
50,21.74,20.83,2.339
50,22.64,21.92,2.34
50,23.66,22.7,2.341
50,24.44,23.8,2.342
50,25.23,24.92,2.343
50,26.25,26.68,2.344
50,26.97,27.75,2.345
50,28.87,27.95,2.346
50,29.44,28.9,2.347
50,30.08,29.62,2.348
50,30.91,30.41,2.349
50,31.61,31.52,2.35
50,33.03,32.38,2.351
50,33.37,32.64,2.352
50,33.88,32.74,2.353
50,34.15,33.86,2.354
50,34.96,34.23,2.355
50,36.06,35.57,2.356
50,36.34,35.53,2.357
50,36.57,35.49,2.358
50,36.83,36.44,2.359
50,37.38,37.05,2.36
50,38.44,37.86,2.361
50,38.72,37.63,2.362
50,38.94,37.97,2.363
50,39.38,38.53,2.364
50,39.46,39.06,2.365
50,40.3,39.28,2.366
50,40.32,39.26,2.367
50,40.14,40.01,2.368
50,40.66,40.37,2.369
50,41.36,40.98,2.37
50,41.25,40.56,2.371
50,41.34,40.53,2.372
50,41.58,41.17,2.373
50,42.23,41.97,2.374
50,42.2,41.5,2.375
50,42.2,41.45,2.376
50,42.43,42.03,2.377
50,43.07,42.78,2.378
50,43.16,42.14,2.379
50,43.16,42.03,2.38
